Studio,Citta,Indirizzo,Telefono,Email,Categoria sito,Motivo,Recensioni,Demo URL,WhatsApp link,Email link,Inviato
Studio Dentistico IQ,Parma PR,"Via Emilia Ovest, 129, 43126 Parma PR",0521 927913,,SENZA SITO,nessun sito,150,https://mirondavide.com/dentisti/studio-dentistico-iq/,https://wa.me/390521927913?text=Buongiorno%21%20Sono%20Davide%2C%20realizzo%20siti%20web%20moderni.%20Ho%20dato%20un%27occhiata%20al%20vostro%20e%20mi%20sono%20permesso%20di%20rifarvi%20la%20homepage%2C%20piu%20moderna%20e%20adatta%20al%20telefono.%20E%20un%20omaggio%2C%20eccola%3A%20https%3A//mirondavide.com/dentisti/studio-dentistico-iq/%20%28le%20foto%20sono%20provvisorie%2C%20nella%20versione%20finale%20usiamo%20le%20vostre%29.%20Se%20vi%20piace%20ve%20lo%20faccio%20completo%20in%2072%20ore%2C%20altrimenti%20nessun%20problema%20%3A%29,,
Studio Dentistico Pontoriero,Parma PR,"Via Camillo Rondani, 7, 43121 Parma PR",0521 282772,,SENZA SITO,nessun sito,98,https://mirondavide.com/dentisti/studio-dentistico-pontoriero/,https://wa.me/390521282772?text=Buongiorno%21%20Sono%20Davide%2C%20realizzo%20siti%20web%20moderni.%20Ho%20dato%20un%27occhiata%20al%20vostro%20e%20mi%20sono%20permesso%20di%20rifarvi%20la%20homepage%2C%20piu%20moderna%20e%20adatta%20al%20telefono.%20E%20un%20omaggio%2C%20eccola%3A%20https%3A//mirondavide.com/dentisti/studio-dentistico-pontoriero/%20%28le%20foto%20sono%20provvisorie%2C%20nella%20versione%20finale%20usiamo%20le%20vostre%29.%20Se%20vi%20piace%20ve%20lo%20faccio%20completo%20in%2072%20ore%2C%20altrimenti%20nessun%20problema%20%3A%29,,
Dental Group,Parma PR,"Largo Ferruccio Parri, 33, 43123 Parma PR",0521 155 6292,,SENZA SITO,nessun sito,37,https://mirondavide.com/dentisti/dental-group/,https://wa.me/3905211556292?text=Buongiorno%21%20Sono%20Davide%2C%20realizzo%20siti%20web%20moderni.%20Ho%20dato%20un%27occhiata%20al%20vostro%20e%20mi%20sono%20permesso%20di%20rifarvi%20la%20homepage%2C%20piu%20moderna%20e%20adatta%20al%20telefono.%20E%20un%20omaggio%2C%20eccola%3A%20https%3A//mirondavide.com/dentisti/dental-group/%20%28le%20foto%20sono%20provvisorie%2C%20nella%20versione%20finale%20usiamo%20le%20vostre%29.%20Se%20vi%20piace%20ve%20lo%20faccio%20completo%20in%2072%20ore%2C%20altrimenti%20nessun%20problema%20%3A%29,,
Studio Dentistico Associato Di Dr. Stefano E Dr.Filippo Tragni,Parma PR,"Via Stanislao Solari, 21, 43125 Parma PR",0521 256397,,SENZA SITO,nessun sito,19,https://mirondavide.com/dentisti/studio-dentistico-associato-di-dr-stefano-e-dr-fil/,https://wa.me/390521256397?text=Buongiorno%21%20Sono%20Davide%2C%20realizzo%20siti%20web%20moderni.%20Ho%20dato%20un%27occhiata%20al%20vostro%20e%20mi%20sono%20permesso%20di%20rifarvi%20la%20homepage%2C%20piu%20moderna%20e%20adatta%20al%20telefono.%20E%20un%20omaggio%2C%20eccola%3A%20https%3A//mirondavide.com/dentisti/studio-dentistico-associato-di-dr-stefano-e-dr-fil/%20%28le%20foto%20sono%20provvisorie%2C%20nella%20versione%20finale%20usiamo%20le%20vostre%29.%20Se%20vi%20piace%20ve%20lo%20faccio%20completo%20in%2072%20ore%2C%20altrimenti%20nessun%20problema%20%3A%29,,
studio dentistico Dr. Maurizio Bellomi,Parma PR,"Viale dei Mille, 86, 43125 Parma PR",0521 941723,,SENZA SITO,nessun sito,18,https://mirondavide.com/dentisti/studio-dentistico-dr-maurizio-bellomi/,https://wa.me/390521941723?text=Buongiorno%21%20Sono%20Davide%2C%20realizzo%20siti%20web%20moderni.%20Ho%20dato%20un%27occhiata%20al%20vostro%20e%20mi%20sono%20permesso%20di%20rifarvi%20la%20homepage%2C%20piu%20moderna%20e%20adatta%20al%20telefono.%20E%20un%20omaggio%2C%20eccola%3A%20https%3A//mirondavide.com/dentisti/studio-dentistico-dr-maurizio-bellomi/%20%28le%20foto%20sono%20provvisorie%2C%20nella%20versione%20finale%20usiamo%20le%20vostre%29.%20Se%20vi%20piace%20ve%20lo%20faccio%20completo%20in%2072%20ore%2C%20altrimenti%20nessun%20problema%20%3A%29,,
Studio Odontoiatrico Dott. Cudazzo Sergio,Parma PR,"Via Cristoforo Marzaroli, 7, 43123 Parma PR",0521 483737,,SENZA SITO,nessun sito,12,https://mirondavide.com/dentisti/studio-odontoiatrico-dott-cudazzo-sergio/,https://wa.me/390521483737?text=Buongiorno%21%20Sono%20Davide%2C%20realizzo%20siti%20web%20moderni.%20Ho%20dato%20un%27occhiata%20al%20vostro%20e%20mi%20sono%20permesso%20di%20rifarvi%20la%20homepage%2C%20piu%20moderna%20e%20adatta%20al%20telefono.%20E%20un%20omaggio%2C%20eccola%3A%20https%3A//mirondavide.com/dentisti/studio-odontoiatrico-dott-cudazzo-sergio/%20%28le%20foto%20sono%20provvisorie%2C%20nella%20versione%20finale%20usiamo%20le%20vostre%29.%20Se%20vi%20piace%20ve%20lo%20faccio%20completo%20in%2072%20ore%2C%20altrimenti%20nessun%20problema%20%3A%29,,
Studio Odontoiatrico Cea,Parma PR,"Borgo Garimberti, 6, 43121 Parma PR",0521 237548,,SENZA SITO,nessun sito,10,https://mirondavide.com/dentisti/studio-odontoiatrico-cea/,https://wa.me/390521237548?text=Buongiorno%21%20Sono%20Davide%2C%20realizzo%20siti%20web%20moderni.%20Ho%20dato%20un%27occhiata%20al%20vostro%20e%20mi%20sono%20permesso%20di%20rifarvi%20la%20homepage%2C%20piu%20moderna%20e%20adatta%20al%20telefono.%20E%20un%20omaggio%2C%20eccola%3A%20https%3A//mirondavide.com/dentisti/studio-odontoiatrico-cea/%20%28le%20foto%20sono%20provvisorie%2C%20nella%20versione%20finale%20usiamo%20le%20vostre%29.%20Se%20vi%20piace%20ve%20lo%20faccio%20completo%20in%2072%20ore%2C%20altrimenti%20nessun%20problema%20%3A%29,,
Berzieri Dott.ssa Cecilia,Parma PR,"Via Martiri della Liberazione, 34, 43126 Parma PR",0521 684606,,SENZA SITO,nessun sito,10,https://mirondavide.com/dentisti/berzieri-dott-ssa-cecilia/,https://wa.me/390521684606?text=Buongiorno%21%20Sono%20Davide%2C%20realizzo%20siti%20web%20moderni.%20Ho%20dato%20un%27occhiata%20al%20vostro%20e%20mi%20sono%20permesso%20di%20rifarvi%20la%20homepage%2C%20piu%20moderna%20e%20adatta%20al%20telefono.%20E%20un%20omaggio%2C%20eccola%3A%20https%3A//mirondavide.com/dentisti/berzieri-dott-ssa-cecilia/%20%28le%20foto%20sono%20provvisorie%2C%20nella%20versione%20finale%20usiamo%20le%20vostre%29.%20Se%20vi%20piace%20ve%20lo%20faccio%20completo%20in%2072%20ore%2C%20altrimenti%20nessun%20problema%20%3A%29,,
Studio Dentistico Lupi Dott.ssa Silvia,Parma PR,"Viale Anteo ed Erasmo Viotti, 13, 43123 Parma PR",0521 987694,,SENZA SITO,nessun sito,9,https://mirondavide.com/dentisti/studio-dentistico-lupi-dott-ssa-silvia/,https://wa.me/390521987694?text=Buongiorno%21%20Sono%20Davide%2C%20realizzo%20siti%20web%20moderni.%20Ho%20dato%20un%27occhiata%20al%20vostro%20e%20mi%20sono%20permesso%20di%20rifarvi%20la%20homepage%2C%20piu%20moderna%20e%20adatta%20al%20telefono.%20E%20un%20omaggio%2C%20eccola%3A%20https%3A//mirondavide.com/dentisti/studio-dentistico-lupi-dott-ssa-silvia/%20%28le%20foto%20sono%20provvisorie%2C%20nella%20versione%20finale%20usiamo%20le%20vostre%29.%20Se%20vi%20piace%20ve%20lo%20faccio%20completo%20in%2072%20ore%2C%20altrimenti%20nessun%20problema%20%3A%29,,
Studio dentistico Mureddu dott.ssa Maura,Parma PR,"Borgo Felino, 45, 43121 Parma PR",0521 289233,,SENZA SITO,nessun sito,8,https://mirondavide.com/dentisti/studio-dentistico-mureddu-dott-ssa-maura/,https://wa.me/390521289233?text=Buongiorno%21%20Sono%20Davide%2C%20realizzo%20siti%20web%20moderni.%20Ho%20dato%20un%27occhiata%20al%20vostro%20e%20mi%20sono%20permesso%20di%20rifarvi%20la%20homepage%2C%20piu%20moderna%20e%20adatta%20al%20telefono.%20E%20un%20omaggio%2C%20eccola%3A%20https%3A//mirondavide.com/dentisti/studio-dentistico-mureddu-dott-ssa-maura/%20%28le%20foto%20sono%20provvisorie%2C%20nella%20versione%20finale%20usiamo%20le%20vostre%29.%20Se%20vi%20piace%20ve%20lo%20faccio%20completo%20in%2072%20ore%2C%20altrimenti%20nessun%20problema%20%3A%29,,
Rabajotti Dr. Claudia,Parma PR,"Piazza Badalocchio Sisto Rosa, 9B, 43126 Parma PR",0521 986373,,SENZA SITO,nessun sito,8,https://mirondavide.com/dentisti/rabajotti-dr-claudia/,https://wa.me/390521986373?text=Buongiorno%21%20Sono%20Davide%2C%20realizzo%20siti%20web%20moderni.%20Ho%20dato%20un%27occhiata%20al%20vostro%20e%20mi%20sono%20permesso%20di%20rifarvi%20la%20homepage%2C%20piu%20moderna%20e%20adatta%20al%20telefono.%20E%20un%20omaggio%2C%20eccola%3A%20https%3A//mirondavide.com/dentisti/rabajotti-dr-claudia/%20%28le%20foto%20sono%20provvisorie%2C%20nella%20versione%20finale%20usiamo%20le%20vostre%29.%20Se%20vi%20piace%20ve%20lo%20faccio%20completo%20in%2072%20ore%2C%20altrimenti%20nessun%20problema%20%3A%29,,
Studio dentistico dott. Haidar Zein,Parma PR,"Ortodonzia e protesi e, Viale Francesco Basetti, n4, 43123 Parma PR",348 600 4763,,SENZA SITO,nessun sito,4,https://mirondavide.com/dentisti/studio-dentistico-dott-haidar-zein/,https://wa.me/393486004763?text=Buongiorno%21%20Sono%20Davide%2C%20realizzo%20siti%20web%20moderni.%20Ho%20dato%20un%27occhiata%20al%20vostro%20e%20mi%20sono%20permesso%20di%20rifarvi%20la%20homepage%2C%20piu%20moderna%20e%20adatta%20al%20telefono.%20E%20un%20omaggio%2C%20eccola%3A%20https%3A//mirondavide.com/dentisti/studio-dentistico-dott-haidar-zein/%20%28le%20foto%20sono%20provvisorie%2C%20nella%20versione%20finale%20usiamo%20le%20vostre%29.%20Se%20vi%20piace%20ve%20lo%20faccio%20completo%20in%2072%20ore%2C%20altrimenti%20nessun%20problema%20%3A%29,,
Studio Bertani Dr. Pio Dentista,Parma PR,"Viale S. Michele, 13, 43121 Parma PR",0521 285959,,SENZA SITO,nessun sito,4,https://mirondavide.com/dentisti/studio-bertani-dr-pio-dentista/,https://wa.me/390521285959?text=Buongiorno%21%20Sono%20Davide%2C%20realizzo%20siti%20web%20moderni.%20Ho%20dato%20un%27occhiata%20al%20vostro%20e%20mi%20sono%20permesso%20di%20rifarvi%20la%20homepage%2C%20piu%20moderna%20e%20adatta%20al%20telefono.%20E%20un%20omaggio%2C%20eccola%3A%20https%3A//mirondavide.com/dentisti/studio-bertani-dr-pio-dentista/%20%28le%20foto%20sono%20provvisorie%2C%20nella%20versione%20finale%20usiamo%20le%20vostre%29.%20Se%20vi%20piace%20ve%20lo%20faccio%20completo%20in%2072%20ore%2C%20altrimenti%20nessun%20problema%20%3A%29,,
Aversa Dr. Carlo,Parma PR,"Vicolo dei Mulini, 1, 43121 Parma PR",0521 234389,,SENZA SITO,nessun sito,4,https://mirondavide.com/dentisti/aversa-dr-carlo/,https://wa.me/390521234389?text=Buongiorno%21%20Sono%20Davide%2C%20realizzo%20siti%20web%20moderni.%20Ho%20dato%20un%27occhiata%20al%20vostro%20e%20mi%20sono%20permesso%20di%20rifarvi%20la%20homepage%2C%20piu%20moderna%20e%20adatta%20al%20telefono.%20E%20un%20omaggio%2C%20eccola%3A%20https%3A//mirondavide.com/dentisti/aversa-dr-carlo/%20%28le%20foto%20sono%20provvisorie%2C%20nella%20versione%20finale%20usiamo%20le%20vostre%29.%20Se%20vi%20piace%20ve%20lo%20faccio%20completo%20in%2072%20ore%2C%20altrimenti%20nessun%20problema%20%3A%29,,
Studio Dentistico Parma Ducale S.r.l.,Parma PR,"Via Pietro Rubini, 12, 43125 Parma PR",0521 986901,,SENZA SITO,nessun sito,3,https://mirondavide.com/dentisti/studio-dentistico-parma-ducale-s-r-l/,https://wa.me/390521986901?text=Buongiorno%21%20Sono%20Davide%2C%20realizzo%20siti%20web%20moderni.%20Ho%20dato%20un%27occhiata%20al%20vostro%20e%20mi%20sono%20permesso%20di%20rifarvi%20la%20homepage%2C%20piu%20moderna%20e%20adatta%20al%20telefono.%20E%20un%20omaggio%2C%20eccola%3A%20https%3A//mirondavide.com/dentisti/studio-dentistico-parma-ducale-s-r-l/%20%28le%20foto%20sono%20provvisorie%2C%20nella%20versione%20finale%20usiamo%20le%20vostre%29.%20Se%20vi%20piace%20ve%20lo%20faccio%20completo%20in%2072%20ore%2C%20altrimenti%20nessun%20problema%20%3A%29,,
Studio Odontoiatrico Rusconi Emiliano,Parma PR,"Piazzale Italo Pinazzi, 57A, 43122 Parma PR",333 870 3536,,SENZA SITO,nessun sito,3,https://mirondavide.com/dentisti/studio-odontoiatrico-rusconi-emiliano/,https://wa.me/393338703536?text=Buongiorno%21%20Sono%20Davide%2C%20realizzo%20siti%20web%20moderni.%20Ho%20dato%20un%27occhiata%20al%20vostro%20e%20mi%20sono%20permesso%20di%20rifarvi%20la%20homepage%2C%20piu%20moderna%20e%20adatta%20al%20telefono.%20E%20un%20omaggio%2C%20eccola%3A%20https%3A//mirondavide.com/dentisti/studio-odontoiatrico-rusconi-emiliano/%20%28le%20foto%20sono%20provvisorie%2C%20nella%20versione%20finale%20usiamo%20le%20vostre%29.%20Se%20vi%20piace%20ve%20lo%20faccio%20completo%20in%2072%20ore%2C%20altrimenti%20nessun%20problema%20%3A%29,,
Dott Francesco Calestani,Parma PR,"Piazza Badalocchio Sisto Rosa, 9/B, 43126 Parma PR",0521 944650,,SENZA SITO,nessun sito,3,https://mirondavide.com/dentisti/dott-francesco-calestani/,https://wa.me/390521944650?text=Buongiorno%21%20Sono%20Davide%2C%20realizzo%20siti%20web%20moderni.%20Ho%20dato%20un%27occhiata%20al%20vostro%20e%20mi%20sono%20permesso%20di%20rifarvi%20la%20homepage%2C%20piu%20moderna%20e%20adatta%20al%20telefono.%20E%20un%20omaggio%2C%20eccola%3A%20https%3A//mirondavide.com/dentisti/dott-francesco-calestani/%20%28le%20foto%20sono%20provvisorie%2C%20nella%20versione%20finale%20usiamo%20le%20vostre%29.%20Se%20vi%20piace%20ve%20lo%20faccio%20completo%20in%2072%20ore%2C%20altrimenti%20nessun%20problema%20%3A%29,,
Studio Dentistico Lupi Dr. Alberto,Parma PR,"Via Ilario Spolverini, 2, 43126 Parma PR",0521 290083,,SENZA SITO,nessun sito,3,https://mirondavide.com/dentisti/studio-dentistico-lupi-dr-alberto/,https://wa.me/390521290083?text=Buongiorno%21%20Sono%20Davide%2C%20realizzo%20siti%20web%20moderni.%20Ho%20dato%20un%27occhiata%20al%20vostro%20e%20mi%20sono%20permesso%20di%20rifarvi%20la%20homepage%2C%20piu%20moderna%20e%20adatta%20al%20telefono.%20E%20un%20omaggio%2C%20eccola%3A%20https%3A//mirondavide.com/dentisti/studio-dentistico-lupi-dr-alberto/%20%28le%20foto%20sono%20provvisorie%2C%20nella%20versione%20finale%20usiamo%20le%20vostre%29.%20Se%20vi%20piace%20ve%20lo%20faccio%20completo%20in%2072%20ore%2C%20altrimenti%20nessun%20problema%20%3A%29,,
Studio di Odontoiatria e Protesi Dentaria Dott. Stefano Cimarosti,Parma PR,"Borgo Collegio Maria Luigia, 12/A, 43121 Parma PR",0521 284040,,SENZA SITO,nessun sito,0,https://mirondavide.com/dentisti/studio-di-odontoiatria-e-protesi-dentaria-dott-ste/,https://wa.me/390521284040?text=Buongiorno%21%20Sono%20Davide%2C%20realizzo%20siti%20web%20moderni.%20Ho%20dato%20un%27occhiata%20al%20vostro%20e%20mi%20sono%20permesso%20di%20rifarvi%20la%20homepage%2C%20piu%20moderna%20e%20adatta%20al%20telefono.%20E%20un%20omaggio%2C%20eccola%3A%20https%3A//mirondavide.com/dentisti/studio-di-odontoiatria-e-protesi-dentaria-dott-ste/%20%28le%20foto%20sono%20provvisorie%2C%20nella%20versione%20finale%20usiamo%20le%20vostre%29.%20Se%20vi%20piace%20ve%20lo%20faccio%20completo%20in%2072%20ore%2C%20altrimenti%20nessun%20problema%20%3A%29,,
Bludental - Parma,Parma PR,"Str. Aurelio Saffi, 80, 43121 Parma PR",0521 158 4817,,SITO MORTO,il sito non si apre,817,https://mirondavide.com/dentisti/bludental-parma/,https://wa.me/3905211584817?text=Buongiorno%21%20Sono%20Davide%2C%20realizzo%20siti%20web%20moderni.%20Ho%20dato%20un%27occhiata%20al%20vostro%20e%20mi%20sono%20permesso%20di%20rifarvi%20la%20homepage%2C%20piu%20moderna%20e%20adatta%20al%20telefono.%20E%20un%20omaggio%2C%20eccola%3A%20https%3A//mirondavide.com/dentisti/bludental-parma/%20%28le%20foto%20sono%20provvisorie%2C%20nella%20versione%20finale%20usiamo%20le%20vostre%29.%20Se%20vi%20piace%20ve%20lo%20faccio%20completo%20in%2072%20ore%2C%20altrimenti%20nessun%20problema%20%3A%29,,
Ambulatori Odontoiatrici Righi - Elia Parma,Parma PR,"Str. Traversetolo, 20/D, 43123 Parma PR",0521 469094,,SITO MORTO,il sito non si apre,382,https://mirondavide.com/dentisti/ambulatori-odontoiatrici-righi-elia-parma/,https://wa.me/390521469094?text=Buongiorno%21%20Sono%20Davide%2C%20realizzo%20siti%20web%20moderni.%20Ho%20dato%20un%27occhiata%20al%20vostro%20e%20mi%20sono%20permesso%20di%20rifarvi%20la%20homepage%2C%20piu%20moderna%20e%20adatta%20al%20telefono.%20E%20un%20omaggio%2C%20eccola%3A%20https%3A//mirondavide.com/dentisti/ambulatori-odontoiatrici-righi-elia-parma/%20%28le%20foto%20sono%20provvisorie%2C%20nella%20versione%20finale%20usiamo%20le%20vostre%29.%20Se%20vi%20piace%20ve%20lo%20faccio%20completo%20in%2072%20ore%2C%20altrimenti%20nessun%20problema%20%3A%29,,
Studio dentistico Demontis,Parma PR,"Via Venezia, 75, 43122 Parma PR",0521 271093,,SITO MORTO,il sito non si apre,11,https://mirondavide.com/dentisti/studio-dentistico-demontis/,https://wa.me/390521271093?text=Buongiorno%21%20Sono%20Davide%2C%20realizzo%20siti%20web%20moderni.%20Ho%20dato%20un%27occhiata%20al%20vostro%20e%20mi%20sono%20permesso%20di%20rifarvi%20la%20homepage%2C%20piu%20moderna%20e%20adatta%20al%20telefono.%20E%20un%20omaggio%2C%20eccola%3A%20https%3A//mirondavide.com/dentisti/studio-dentistico-demontis/%20%28le%20foto%20sono%20provvisorie%2C%20nella%20versione%20finale%20usiamo%20le%20vostre%29.%20Se%20vi%20piace%20ve%20lo%20faccio%20completo%20in%2072%20ore%2C%20altrimenti%20nessun%20problema%20%3A%29,,
Dentista Dr. Andrea Pelosi,Parma PR,"Viale Duca Alessandro, 4, 43123 Parma PR",0521 289041,,SITO MORTO,il sito non si apre,10,https://mirondavide.com/dentisti/dentista-dr-andrea-pelosi/,https://wa.me/390521289041?text=Buongiorno%21%20Sono%20Davide%2C%20realizzo%20siti%20web%20moderni.%20Ho%20dato%20un%27occhiata%20al%20vostro%20e%20mi%20sono%20permesso%20di%20rifarvi%20la%20homepage%2C%20piu%20moderna%20e%20adatta%20al%20telefono.%20E%20un%20omaggio%2C%20eccola%3A%20https%3A//mirondavide.com/dentisti/dentista-dr-andrea-pelosi/%20%28le%20foto%20sono%20provvisorie%2C%20nella%20versione%20finale%20usiamo%20le%20vostre%29.%20Se%20vi%20piace%20ve%20lo%20faccio%20completo%20in%2072%20ore%2C%20altrimenti%20nessun%20problema%20%3A%29,,
Studio Dentistico Dott.ssa Boschi Chiara - Dentista Parma,Parma PR,"Piazza Meuccio Ruini, 29/A, 43126 Parma PR",0521 992469,,SITO MORTO,il sito non si apre,5,https://mirondavide.com/dentisti/studio-dentistico-dott-ssa-boschi-chiara-dentista-/,https://wa.me/390521992469?text=Buongiorno%21%20Sono%20Davide%2C%20realizzo%20siti%20web%20moderni.%20Ho%20dato%20un%27occhiata%20al%20vostro%20e%20mi%20sono%20permesso%20di%20rifarvi%20la%20homepage%2C%20piu%20moderna%20e%20adatta%20al%20telefono.%20E%20un%20omaggio%2C%20eccola%3A%20https%3A//mirondavide.com/dentisti/studio-dentistico-dott-ssa-boschi-chiara-dentista-/%20%28le%20foto%20sono%20provvisorie%2C%20nella%20versione%20finale%20usiamo%20le%20vostre%29.%20Se%20vi%20piace%20ve%20lo%20faccio%20completo%20in%2072%20ore%2C%20altrimenti%20nessun%20problema%20%3A%29,,
HDental,Parma PR,"Via Silvio Pellico, 20/A, 43125 Parma PR",0521 936610,,SITO VECCHIO,no HTTPS,721,https://mirondavide.com/dentisti/hdental/,https://wa.me/390521936610?text=Buongiorno%21%20Sono%20Davide%2C%20realizzo%20siti%20web%20moderni.%20Ho%20dato%20un%27occhiata%20al%20vostro%20e%20mi%20sono%20permesso%20di%20rifarvi%20la%20homepage%2C%20piu%20moderna%20e%20adatta%20al%20telefono.%20E%20un%20omaggio%2C%20eccola%3A%20https%3A//mirondavide.com/dentisti/hdental/%20%28le%20foto%20sono%20provvisorie%2C%20nella%20versione%20finale%20usiamo%20le%20vostre%29.%20Se%20vi%20piace%20ve%20lo%20faccio%20completo%20in%2072%20ore%2C%20altrimenti%20nessun%20problema%20%3A%29,,
Studio Dentistico Scaffidi Runchella,Parma PR,"Via Volturno, 1, 43125 Parma PR",0521 922430,studiodentisticoscaffidi@gmail.com,SITO VECCHIO,no HTTPS,154,https://mirondavide.com/dentisti/studio-dentistico-scaffidi-runchella/,https://wa.me/390521922430?text=Buongiorno%21%20Sono%20Davide%2C%20realizzo%20siti%20web%20moderni.%20Ho%20dato%20un%27occhiata%20al%20vostro%20e%20mi%20sono%20permesso%20di%20rifarvi%20la%20homepage%2C%20piu%20moderna%20e%20adatta%20al%20telefono.%20E%20un%20omaggio%2C%20eccola%3A%20https%3A//mirondavide.com/dentisti/studio-dentistico-scaffidi-runchella/%20%28le%20foto%20sono%20provvisorie%2C%20nella%20versione%20finale%20usiamo%20le%20vostre%29.%20Se%20vi%20piace%20ve%20lo%20faccio%20completo%20in%2072%20ore%2C%20altrimenti%20nessun%20problema%20%3A%29,mailto:studiodentisticoscaffidi@gmail.com?subject=Ho%20rifatto%20la%20homepage%20del%20vostro%20sito%20%28in%20omaggio%29&body=Buongiorno%2C%0A%0ASono%20Davide%2C%20realizzo%20siti%20web%20moderni.%0AHo%20dato%20un%27occhiata%20al%20vostro%20sito%20e%20mi%20sono%20permesso%20di%20rifarvi%20la%20homepage%2C%20piu%20moderna%20e%20adatta%20al%20telefono.%0AE%20un%20omaggio%2C%20eccola%3A%20https%3A//mirondavide.com/dentisti/studio-dentistico-scaffidi-runchella/%0A%28Le%20foto%20sono%20provvisorie%2C%20nella%20versione%20finale%20usiamo%20le%20vostre.%29%0A%0ASe%20vi%20piace%20ve%20lo%20faccio%20completo%20in%2072%20ore%2C%20altrimenti%20nessun%20problema.%0A%0AUn%20saluto%2C%0ADavide%20%E2%80%94%20379%20210%206196,
Studio Ortodontico Cocconi Rapa S.S.,Parma PR,"Via Rocco Bormioli, 5/A, 43122 Parma PR",0521 273682,,SITO VECCHIO,no HTTPS,131,https://mirondavide.com/dentisti/studio-ortodontico-cocconi-rapa-s-s/,https://wa.me/390521273682?text=Buongiorno%21%20Sono%20Davide%2C%20realizzo%20siti%20web%20moderni.%20Ho%20dato%20un%27occhiata%20al%20vostro%20e%20mi%20sono%20permesso%20di%20rifarvi%20la%20homepage%2C%20piu%20moderna%20e%20adatta%20al%20telefono.%20E%20un%20omaggio%2C%20eccola%3A%20https%3A//mirondavide.com/dentisti/studio-ortodontico-cocconi-rapa-s-s/%20%28le%20foto%20sono%20provvisorie%2C%20nella%20versione%20finale%20usiamo%20le%20vostre%29.%20Se%20vi%20piace%20ve%20lo%20faccio%20completo%20in%2072%20ore%2C%20altrimenti%20nessun%20problema%20%3A%29,,
AKOS Centro Odontoiatrico,Parma PR,"Piazzale Balestrieri, 9/A, 43122 Parma PR",0521 882885,,SITO VECCHIO,no HTTPS,52,https://mirondavide.com/dentisti/akos-centro-odontoiatrico/,https://wa.me/390521882885?text=Buongiorno%21%20Sono%20Davide%2C%20realizzo%20siti%20web%20moderni.%20Ho%20dato%20un%27occhiata%20al%20vostro%20e%20mi%20sono%20permesso%20di%20rifarvi%20la%20homepage%2C%20piu%20moderna%20e%20adatta%20al%20telefono.%20E%20un%20omaggio%2C%20eccola%3A%20https%3A//mirondavide.com/dentisti/akos-centro-odontoiatrico/%20%28le%20foto%20sono%20provvisorie%2C%20nella%20versione%20finale%20usiamo%20le%20vostre%29.%20Se%20vi%20piace%20ve%20lo%20faccio%20completo%20in%2072%20ore%2C%20altrimenti%20nessun%20problema%20%3A%29,,
Studio Dentistico Marchetti,Parma PR,"Str. Nino Bixio, 39, 43125 Parma PR",0521 506559,,SITO VECCHIO,no HTTPS,42,https://mirondavide.com/dentisti/studio-dentistico-marchetti/,https://wa.me/390521506559?text=Buongiorno%21%20Sono%20Davide%2C%20realizzo%20siti%20web%20moderni.%20Ho%20dato%20un%27occhiata%20al%20vostro%20e%20mi%20sono%20permesso%20di%20rifarvi%20la%20homepage%2C%20piu%20moderna%20e%20adatta%20al%20telefono.%20E%20un%20omaggio%2C%20eccola%3A%20https%3A//mirondavide.com/dentisti/studio-dentistico-marchetti/%20%28le%20foto%20sono%20provvisorie%2C%20nella%20versione%20finale%20usiamo%20le%20vostre%29.%20Se%20vi%20piace%20ve%20lo%20faccio%20completo%20in%2072%20ore%2C%20altrimenti%20nessun%20problema%20%3A%29,,
Studio Dentistico Broia - Bernkopf,Parma PR,"Str. Petrarca, 3, 43121 Parma PR",0521 236426,edber@studiober.com,SITO VECCHIO,copyright 2013,37,https://mirondavide.com/dentisti/studio-dentistico-broia-bernkopf/,https://wa.me/390521236426?text=Buongiorno%21%20Sono%20Davide%2C%20realizzo%20siti%20web%20moderni.%20Ho%20dato%20un%27occhiata%20al%20vostro%20e%20mi%20sono%20permesso%20di%20rifarvi%20la%20homepage%2C%20piu%20moderna%20e%20adatta%20al%20telefono.%20E%20un%20omaggio%2C%20eccola%3A%20https%3A//mirondavide.com/dentisti/studio-dentistico-broia-bernkopf/%20%28le%20foto%20sono%20provvisorie%2C%20nella%20versione%20finale%20usiamo%20le%20vostre%29.%20Se%20vi%20piace%20ve%20lo%20faccio%20completo%20in%2072%20ore%2C%20altrimenti%20nessun%20problema%20%3A%29,mailto:edber@studiober.com?subject=Ho%20rifatto%20la%20homepage%20del%20vostro%20sito%20%28in%20omaggio%29&body=Buongiorno%2C%0A%0ASono%20Davide%2C%20realizzo%20siti%20web%20moderni.%0AHo%20dato%20un%27occhiata%20al%20vostro%20sito%20e%20mi%20sono%20permesso%20di%20rifarvi%20la%20homepage%2C%20piu%20moderna%20e%20adatta%20al%20telefono.%0AE%20un%20omaggio%2C%20eccola%3A%20https%3A//mirondavide.com/dentisti/studio-dentistico-broia-bernkopf/%0A%28Le%20foto%20sono%20provvisorie%2C%20nella%20versione%20finale%20usiamo%20le%20vostre.%29%0A%0ASe%20vi%20piace%20ve%20lo%20faccio%20completo%20in%2072%20ore%2C%20altrimenti%20nessun%20problema.%0A%0AUn%20saluto%2C%0ADavide%20%E2%80%94%20379%20210%206196,
Studio Dr. Pellegrino Di Troia S.r.l.,Parma PR,"Largo Remo Coen, 23\a, 43126 Parma PR",0521 940186,,SITO VECCHIO,no HTTPS,36,https://mirondavide.com/dentisti/studio-dr-pellegrino-di-troia-s-r-l/,https://wa.me/390521940186?text=Buongiorno%21%20Sono%20Davide%2C%20realizzo%20siti%20web%20moderni.%20Ho%20dato%20un%27occhiata%20al%20vostro%20e%20mi%20sono%20permesso%20di%20rifarvi%20la%20homepage%2C%20piu%20moderna%20e%20adatta%20al%20telefono.%20E%20un%20omaggio%2C%20eccola%3A%20https%3A//mirondavide.com/dentisti/studio-dr-pellegrino-di-troia-s-r-l/%20%28le%20foto%20sono%20provvisorie%2C%20nella%20versione%20finale%20usiamo%20le%20vostre%29.%20Se%20vi%20piace%20ve%20lo%20faccio%20completo%20in%2072%20ore%2C%20altrimenti%20nessun%20problema%20%3A%29,,
Studio Dentistico Massaria,Parma PR,"Largo Luigi Mercantini, 13, 43125 Parma PR",0521 981118,studio@massaria.it,SITO VECCHIO,"no HTTPS, non adatto al telefono",26,https://mirondavide.com/dentisti/studio-dentistico-massaria/,https://wa.me/390521981118?text=Buongiorno%21%20Sono%20Davide%2C%20realizzo%20siti%20web%20moderni.%20Ho%20dato%20un%27occhiata%20al%20vostro%20e%20mi%20sono%20permesso%20di%20rifarvi%20la%20homepage%2C%20piu%20moderna%20e%20adatta%20al%20telefono.%20E%20un%20omaggio%2C%20eccola%3A%20https%3A//mirondavide.com/dentisti/studio-dentistico-massaria/%20%28le%20foto%20sono%20provvisorie%2C%20nella%20versione%20finale%20usiamo%20le%20vostre%29.%20Se%20vi%20piace%20ve%20lo%20faccio%20completo%20in%2072%20ore%2C%20altrimenti%20nessun%20problema%20%3A%29,mailto:studio@massaria.it?subject=Ho%20rifatto%20la%20homepage%20del%20vostro%20sito%20%28in%20omaggio%29&body=Buongiorno%2C%0A%0ASono%20Davide%2C%20realizzo%20siti%20web%20moderni.%0AHo%20dato%20un%27occhiata%20al%20vostro%20sito%20e%20mi%20sono%20permesso%20di%20rifarvi%20la%20homepage%2C%20piu%20moderna%20e%20adatta%20al%20telefono.%0AE%20un%20omaggio%2C%20eccola%3A%20https%3A//mirondavide.com/dentisti/studio-dentistico-massaria/%0A%28Le%20foto%20sono%20provvisorie%2C%20nella%20versione%20finale%20usiamo%20le%20vostre.%29%0A%0ASe%20vi%20piace%20ve%20lo%20faccio%20completo%20in%2072%20ore%2C%20altrimenti%20nessun%20problema.%0A%0AUn%20saluto%2C%0ADavide%20%E2%80%94%20379%20210%206196,
Akos Centro Odontoiatrico - Parma Gramsci,Parma PR,"Viale Antonio Gramsci, 18/1, 43126 Parma PR",0521 981266,,SITO VECCHIO,no HTTPS,20,https://mirondavide.com/dentisti/akos-centro-odontoiatrico-parma-gramsci/,https://wa.me/390521981266?text=Buongiorno%21%20Sono%20Davide%2C%20realizzo%20siti%20web%20moderni.%20Ho%20dato%20un%27occhiata%20al%20vostro%20e%20mi%20sono%20permesso%20di%20rifarvi%20la%20homepage%2C%20piu%20moderna%20e%20adatta%20al%20telefono.%20E%20un%20omaggio%2C%20eccola%3A%20https%3A//mirondavide.com/dentisti/akos-centro-odontoiatrico-parma-gramsci/%20%28le%20foto%20sono%20provvisorie%2C%20nella%20versione%20finale%20usiamo%20le%20vostre%29.%20Se%20vi%20piace%20ve%20lo%20faccio%20completo%20in%2072%20ore%2C%20altrimenti%20nessun%20problema%20%3A%29,,
Studio Dentistico Ravasini,Parma PR,"V.le Mentana, 41, 43121 Parma PR",0521 772658,,SITO VECCHIO,no HTTPS,16,https://mirondavide.com/dentisti/studio-dentistico-ravasini/,https://wa.me/390521772658?text=Buongiorno%21%20Sono%20Davide%2C%20realizzo%20siti%20web%20moderni.%20Ho%20dato%20un%27occhiata%20al%20vostro%20e%20mi%20sono%20permesso%20di%20rifarvi%20la%20homepage%2C%20piu%20moderna%20e%20adatta%20al%20telefono.%20E%20un%20omaggio%2C%20eccola%3A%20https%3A//mirondavide.com/dentisti/studio-dentistico-ravasini/%20%28le%20foto%20sono%20provvisorie%2C%20nella%20versione%20finale%20usiamo%20le%20vostre%29.%20Se%20vi%20piace%20ve%20lo%20faccio%20completo%20in%2072%20ore%2C%20altrimenti%20nessun%20problema%20%3A%29,,
Studio Dentistico Colombini,Parma PR,"Largo Michele Novaro, 1/A, 43121 Parma PR",0521 235122,,SITO VECCHIO,non adatto al telefono,8,https://mirondavide.com/dentisti/studio-dentistico-colombini/,https://wa.me/390521235122?text=Buongiorno%21%20Sono%20Davide%2C%20realizzo%20siti%20web%20moderni.%20Ho%20dato%20un%27occhiata%20al%20vostro%20e%20mi%20sono%20permesso%20di%20rifarvi%20la%20homepage%2C%20piu%20moderna%20e%20adatta%20al%20telefono.%20E%20un%20omaggio%2C%20eccola%3A%20https%3A//mirondavide.com/dentisti/studio-dentistico-colombini/%20%28le%20foto%20sono%20provvisorie%2C%20nella%20versione%20finale%20usiamo%20le%20vostre%29.%20Se%20vi%20piace%20ve%20lo%20faccio%20completo%20in%2072%20ore%2C%20altrimenti%20nessun%20problema%20%3A%29,,
Studio Dentistico Associato Fava - Dentista a Parma,Parma PR,"Largo Ambretta Cacciari, 1/a, 43122 Parma PR",0521 241273,,SITO VECCHIO,"no HTTPS, non adatto al telefono",7,https://mirondavide.com/dentisti/studio-dentistico-associato-fava-dentista-a-parma/,https://wa.me/390521241273?text=Buongiorno%21%20Sono%20Davide%2C%20realizzo%20siti%20web%20moderni.%20Ho%20dato%20un%27occhiata%20al%20vostro%20e%20mi%20sono%20permesso%20di%20rifarvi%20la%20homepage%2C%20piu%20moderna%20e%20adatta%20al%20telefono.%20E%20un%20omaggio%2C%20eccola%3A%20https%3A//mirondavide.com/dentisti/studio-dentistico-associato-fava-dentista-a-parma/%20%28le%20foto%20sono%20provvisorie%2C%20nella%20versione%20finale%20usiamo%20le%20vostre%29.%20Se%20vi%20piace%20ve%20lo%20faccio%20completo%20in%2072%20ore%2C%20altrimenti%20nessun%20problema%20%3A%29,,
Studio di Odontoiatria Dr. Stefano Frigeri,Parma PR,"Borgo Venti Marzo, 15, 43121 Parma PR",0521 231273,studio@stefanofrigeri.it,SITO VECCHIO,no HTTPS,4,https://mirondavide.com/dentisti/studio-di-odontoiatria-dr-stefano-frigeri/,https://wa.me/390521231273?text=Buongiorno%21%20Sono%20Davide%2C%20realizzo%20siti%20web%20moderni.%20Ho%20dato%20un%27occhiata%20al%20vostro%20e%20mi%20sono%20permesso%20di%20rifarvi%20la%20homepage%2C%20piu%20moderna%20e%20adatta%20al%20telefono.%20E%20un%20omaggio%2C%20eccola%3A%20https%3A//mirondavide.com/dentisti/studio-di-odontoiatria-dr-stefano-frigeri/%20%28le%20foto%20sono%20provvisorie%2C%20nella%20versione%20finale%20usiamo%20le%20vostre%29.%20Se%20vi%20piace%20ve%20lo%20faccio%20completo%20in%2072%20ore%2C%20altrimenti%20nessun%20problema%20%3A%29,mailto:studio@stefanofrigeri.it?subject=Ho%20rifatto%20la%20homepage%20del%20vostro%20sito%20%28in%20omaggio%29&body=Buongiorno%2C%0A%0ASono%20Davide%2C%20realizzo%20siti%20web%20moderni.%0AHo%20dato%20un%27occhiata%20al%20vostro%20sito%20e%20mi%20sono%20permesso%20di%20rifarvi%20la%20homepage%2C%20piu%20moderna%20e%20adatta%20al%20telefono.%0AE%20un%20omaggio%2C%20eccola%3A%20https%3A//mirondavide.com/dentisti/studio-di-odontoiatria-dr-stefano-frigeri/%0A%28Le%20foto%20sono%20provvisorie%2C%20nella%20versione%20finale%20usiamo%20le%20vostre.%29%0A%0ASe%20vi%20piace%20ve%20lo%20faccio%20completo%20in%2072%20ore%2C%20altrimenti%20nessun%20problema.%0A%0AUn%20saluto%2C%0ADavide%20%E2%80%94%20379%20210%206196,
Dentista.tv Parma,Parma PR,"Via Don Giovanni Minzoni, 2, 43125 Parma PR",0521 677935,,SITO OK,sembra moderno,1467,,,,
CareDENT,Parma PR,"Strada Massimo D'Azeglio, 95, 43125 Parma PR",0521 533851,clinicaparma1@care-dent.it,SITO OK,sembra moderno,408,,,,
Mirò Dental Parma,Parma PR,"Strada Abbeveratoia, 67C, 43126 Parma PR",0521 183 5600,miro-bianco@2x.png,SITO OK,sembra moderno,268,,,,
DentalPro Parma Via Verdi,Parma PR,"Via Giuseppe Verdi, 16, 43121 Parma PR",0521 181 4548,,SITO OK,sembra moderno,161,,,,
Studio Odontoiatrico Conforti,Parma PR,"Str. della Repubblica, 58, 43121 Parma PR",0521 233354,studiodentisticoconforti@gmail.com,SITO OK,sembra moderno,153,,,,
DentalPro Parma CC Parma Retail,Parma PR,"c/o Centro Commerciale Parma Retail, Via Samuel Morse, 14, 43122 Parma PR",0521 170 5126,,SITO OK,sembra moderno,138,,,,
Ugolotti Dr. Tommaso Giovanni Dentista,Parma PR,"Via Golfo dei Poeti, 1/a, 43126 Parma PR",0521 960407,,SITO OK,sembra moderno,89,,,,
Studio Dentistico Dott. Vincenzo Trentadue,Parma PR,"Piazza Antonio Salandra, 5/A, 43126 Parma PR",0521 281400,dottortrentadue@gmail.com,SITO OK,sembra moderno,59,,,,
Dott. Francesco Ravasini,Parma PR,"Str. della Repubblica, 58, 43121 Parma PR",349 588 1071,francesco@francescoravasini.it,SITO OK,sembra moderno,54,,,,
Ambulatorio di Odontoiatria Gervasi Pedroni,Parma PR,"Via Marchesi Luigi e Salvatore, 20, 43126 Parma PR",0521 992723,,SITO OK,sembra moderno,50,,,,
Centro Odontoiatrico Ferrari - Dr. Ferrari Sergio e Leonardo,Parma PR,"Via K. Mansfield, 5/A, 43122 Parma PR",0521 270789,segreteria@centroodontoiatricoferrari.it,SITO OK,sembra moderno,43,,,,
Centro Medico Di Blasio,Parma PR,"P.le Arrigo Boito, 5, 43121 Parma PR",0521 286161,,SITO OK,sembra moderno,36,,,,
Studio Dentistico Contardo,Parma PR,"Via Emilia Est, 200, 43123 Parma PR",0521 243282,,SITO OK,sembra moderno,35,,,,
LA MUTUA ODONTOIATRICA,Parma PR,"Via Camillo Uccelli, 3/a, 43121 Parma PR",329 550 6200,,SITO OK,sembra moderno,32,,,,
Sorridi alla Vita Dentisti per Passione,Parma PR,"Piazza Antonio Salandra, 33/A, 43126 Parma PR",380 599 7830,,SITO OK,sembra moderno,30,,,,
Studio Dentistico AMA DENT di Dott.ssa Elona Myrto | Dentista a Parma,Parma PR,"Via Emilia Est, 24, 43121 Parma PR",0521 483949,utente@dominio.com,SITO OK,sembra moderno,30,,,,
Studio Dentistico Dott. Tosi Tommaso,Parma PR,"Piazza Carlo Alberto Dalla Chiesa, 3, 43121 Parma PR",0521 272292,studiodentisticotositommaso@gmail.com,SITO OK,sembra moderno,26,,,,
Studio Dentistico Dott. Dorigo Ercole,Parma PR,"Largo Brunetto Bucciarelli Ducci, 1/A, 43123 Parma PR",0521 489531,ercoledorigo@gmail.com,SITO OK,sembra moderno,25,,,,
Studio Odontoiatrico Associato Salvadori - Guidotti,Parma PR,"Piazzale Cervi, 5, 43121 Parma PR",0521 282667,logo-rebecca-guidotti@2.png,SITO OK,sembra moderno,7,,,,
Dott. Lorenzo Calestani Studio Dentistico Parma,Parma PR,"Via Emilia Est, 150, 43123 Parma PR",380 144 1305,dottorcalestani@gmail.com,SITO OK,sembra moderno,7,,,,
Studio Odontoiatrico Dott.ssa Maione Alessia,Parma PR,"Via M. Valenti, 8/a, 43122 Parma PR",0521 272572,,SITO OK,sembra moderno,5,,,,
Studio Dentistico Dott. Barbagli Dott. Avanzini,Parma PR,"Borgo Felino, 39, 43121 Parma PR",0521 285638,invisalign@pec.it,SITO OK,sembra moderno,4,,,,
Studio Dentistico Dott.Chiavazza,Parma PR,"Via Rocco Bormioli, 5, 43122 Parma PR",0521 486278,,SITO OK,sembra moderno,1,,,,
