Nome,Citta,Indirizzo,Telefono,Email,Categoria,Motivo,Recensioni,Demo URL,WhatsApp link,Email link,Inviato
Dr Palmas Store Bergamo,Bergamo BG,"Viale Papa Giovanni XXIII, 74, 24121 Bergamo BG",375 937 7503,,SENZA SITO,nessun sito,79,https://mirondavide.com/dentisti/bergamo/dr-palmas-store-bergamo/,https://wa.me/393759377503?text=Buongiorno%2C%20mi%20chiamo%20Davide%20e%20ho%20creato%20un%20sito%20da%20zero%20per%20Dr%20Palmas%20Store.%0AEccolo%3A%20https%3A//mirondavide.com/dentisti/bergamo/dr-palmas-store-bergamo/%0A%0ASe%20vi%20interessa%2C%20possiamo%20sentirci%2010%20minuti%20%E2%80%94%20anche%20al%20telefono%20o%20passo%20di%20persona.%0A%0AUn%20saluto%2C%0ADavide%20%E2%80%94%20379%20210%206196,,
Mazzini Salute – Centro Medico e Odontoiatrico Bergamo,Bergamo BG,"Via Giuseppe Mazzini, 29, 24128 Bergamo BG",035 250594,,SENZA SITO,nessun sito,47,https://mirondavide.com/dentisti/bergamo/mazzini-salute-centro-medico-e-odontoiatrico-berga/,,,
Centro Medico Villaggio degli Sposi (DS. Dott.ssa Stefania Puntorieri),Bergamo BG,"Via Promessi Sposi, 23 b, 24127 Bergamo BG",035 451 8837,,SENZA SITO,nessun sito,43,https://mirondavide.com/dentisti/bergamo/centro-medico-villaggio-degli-sposi-ds-dott-ssa-st/,,,
Studio Dott. Walter Tomasi,Bergamo BG,"Via Borgo Palazzo, 163, 24125 Bergamo BG",035 223404,,SENZA SITO,nessun sito,28,https://mirondavide.com/dentisti/bergamo/studio-dott-walter-tomasi/,,,
Bossi Dr. Daniele,Bergamo BG,"Via Autostrada, 2, 24126 Bergamo BG",035 317469,,SENZA SITO,nessun sito,20,https://mirondavide.com/dentisti/bergamo/bossi-dr-daniele/,,,
Bludental - Bergamo,Bergamo BG,"Via Giosuè Carducci, 55, 24127 Bergamo BG",035 246942,,SITO MORTO,il sito non si apre,714,https://mirondavide.com/dentisti/bergamo/bludental-bergamo/,,,
Montemezzi Dental Dr. Massimo & Dr. Paolo,Bergamo BG,"Via IV Novembre, 16, 24128 Bergamo BG",035 255152,,SITO MORTO,il sito non si apre,28,https://mirondavide.com/dentisti/bergamo/montemezzi-dental-dr-massimo-dr-paolo/,,,
Dr Palmas Clinica Dentale - Bergamo,Bergamo BG,"Via Angelo Maj, 18F, 24121 Bergamo BG",800 629 504,,SITO VECCHIO,no HTTPS,2099,https://mirondavide.com/dentisti/bergamo/dr-palmas-clinica-dentale-bergamo/,,,
Studio Ortodontico Dr.ssa Silvia Bernini,Bergamo BG,"Via Generale Alberico Albricci, 1, 24128 Bergamo BG",035 244752,studio@dottoressabernini.it,SITO VECCHIO,"no HTTPS, copyright 2018",1061,https://mirondavide.com/dentisti/bergamo/studio-ortodontico-dr-ssa-silvia-bernini/,,mailto:studio@dottoressabernini.it?subject=Sito%20nuovo%20per%20Studio%20Ortodontico%20Dr.ssa&body=Buongiorno%2C%0A%0Ami%20chiamo%20Davide%2C%20realizzo%20siti%20web%20per%20attivit%C3%A0%20locali.%0AHo%20preparato%20una%20versione%20pi%C3%B9%20moderna%20del%20sito%20per%20Studio%20Ortodontico%20Dr.ssa.%0AEccolo%3A%20https%3A//mirondavide.com/dentisti/bergamo/studio-ortodontico-dr-ssa-silvia-bernini/%0A%0ALavoro%20da%20solo%20%E2%80%94%20niente%20agenzie.%20Il%20prezzo%20parte%20da%20%E2%82%AC500%20per%20una%20homepage%20completa%2C%20consegnata%20in%2072%20ore.%0A%0ASe%20vi%20interessa%2C%20possiamo%20sentirci%2010%20minuti%20%E2%80%94%20anche%20al%20telefono%20o%20passo%20di%20persona.%0A%0AUn%20saluto%2C%0ADavide%20%E2%80%94%20379%20210%206196%0A%0A---%0APer%20non%20ricevere%20altri%20messaggi%3A%20rispondete%20%27rimuovi%27.,
Studio Dentistico Prandi,Curno BG,"Via Marconi, 8, 24035 Curno BG",035 614258,,SITO VECCHIO,no HTTPS,355,https://mirondavide.com/dentisti/bergamo/studio-dentistico-prandi/,,,
Studio Medico Dentistico Ferrari Dr. Giovanni I Dentista e Medicina Estetica Bergamo - Seriate,Seriate BG,"Via Guglielmo Marconi, 44/Piano terra, Scala E, 24068 Seriate BG",035 301963,giovanni.ferrari3@crs.lombardia.it,SITO VECCHIO,no HTTPS,337,https://mirondavide.com/dentisti/bergamo/studio-medico-dentistico-ferrari-dr-giovanni-i-den/,,mailto:giovanni.ferrari3@crs.lombardia.it?subject=Sito%20nuovo%20per%20Studio%20Medico%20Dentistico&body=Buongiorno%2C%0A%0Ami%20chiamo%20Davide%2C%20realizzo%20siti%20web%20per%20attivit%C3%A0%20locali.%0AHo%20preparato%20una%20versione%20pi%C3%B9%20moderna%20del%20sito%20per%20Studio%20Medico%20Dentistico.%0AEccolo%3A%20https%3A//mirondavide.com/dentisti/bergamo/studio-medico-dentistico-ferrari-dr-giovanni-i-den/%0A%0ALavoro%20da%20solo%20%E2%80%94%20niente%20agenzie.%20Il%20prezzo%20parte%20da%20%E2%82%AC500%20per%20una%20homepage%20completa%2C%20consegnata%20in%2072%20ore.%0A%0ASe%20vi%20interessa%2C%20possiamo%20sentirci%2010%20minuti%20%E2%80%94%20anche%20al%20telefono%20o%20passo%20di%20persona.%0A%0AUn%20saluto%2C%0ADavide%20%E2%80%94%20379%20210%206196%0A%0A---%0APer%20non%20ricevere%20altri%20messaggi%3A%20rispondete%20%27rimuovi%27.,
Studio dentistico Belotti Provenzano,Bergamo BG,"Viale Ernesto Pirovano, 2\B, 24125 Bergamo BG",035 428 4098,,SITO VECCHIO,no HTTPS,273,https://mirondavide.com/dentisti/bergamo/studio-dentistico-belotti-provenzano/,,,
Daina Centro Odontostomatologico Spa,Nembro BG,"Via Carso, snc, 24027 Nembro BG",035 521049,,SITO VECCHIO,no HTTPS,102,https://mirondavide.com/dentisti/bergamo/daina-centro-odontostomatologico-spa/,,,
Studio Odontoiatrico Sallorenzo - Dentista Bergamo,Bergamo BG,"Piazzale Risorgimento, 14, 24128 Bergamo BG",035 262228,info@sallorenzo.com,SITO VECCHIO,no HTTPS,100,https://mirondavide.com/dentisti/bergamo/studio-odontoiatrico-sallorenzo-dentista-bergamo/,,mailto:info@sallorenzo.com?subject=Sito%20nuovo%20per%20Sallorenzo%20Dentista%20Bergamo&body=Buongiorno%2C%0A%0Ami%20chiamo%20Davide%2C%20realizzo%20siti%20web%20per%20attivit%C3%A0%20locali.%0AHo%20preparato%20una%20versione%20pi%C3%B9%20moderna%20del%20sito%20per%20Sallorenzo%20Dentista%20Bergamo.%0AEccolo%3A%20https%3A//mirondavide.com/dentisti/bergamo/studio-odontoiatrico-sallorenzo-dentista-bergamo/%0A%0ALavoro%20da%20solo%20%E2%80%94%20niente%20agenzie.%20Il%20prezzo%20parte%20da%20%E2%82%AC500%20per%20una%20homepage%20completa%2C%20consegnata%20in%2072%20ore.%0A%0ASe%20vi%20interessa%2C%20possiamo%20sentirci%2010%20minuti%20%E2%80%94%20anche%20al%20telefono%20o%20passo%20di%20persona.%0A%0AUn%20saluto%2C%0ADavide%20%E2%80%94%20379%20210%206196%0A%0A---%0APer%20non%20ricevere%20altri%20messaggi%3A%20rispondete%20%27rimuovi%27.,
Studio Pisoni Odontoiatri,Bergamo BG,"Via del Ponte Pietra, 2/A, 24123 Bergamo BG",035 369 2076,,SITO VECCHIO,no HTTPS,79,https://mirondavide.com/dentisti/bergamo/studio-pisoni-odontoiatri/,,,
Studio Medico Odontoiatrico Dott.ri Rampinelli,Bergamo BG,"Via XXIV Maggio, 36/E, 24128 Bergamo BG",035 437 3144,info@studiorampinelli.com,SITO VECCHIO,no HTTPS,69,https://mirondavide.com/dentisti/bergamo/studio-medico-odontoiatrico-dott-ri-rampinelli/,,mailto:info@studiorampinelli.com?subject=Sito%20nuovo%20per%20Studio%20Medico%20Odontoiatrico&body=Buongiorno%2C%0A%0Ami%20chiamo%20Davide%2C%20realizzo%20siti%20web%20per%20attivit%C3%A0%20locali.%0AHo%20preparato%20una%20versione%20pi%C3%B9%20moderna%20del%20sito%20per%20Studio%20Medico%20Odontoiatrico.%0AEccolo%3A%20https%3A//mirondavide.com/dentisti/bergamo/studio-medico-odontoiatrico-dott-ri-rampinelli/%0A%0ALavoro%20da%20solo%20%E2%80%94%20niente%20agenzie.%20Il%20prezzo%20parte%20da%20%E2%82%AC500%20per%20una%20homepage%20completa%2C%20consegnata%20in%2072%20ore.%0A%0ASe%20vi%20interessa%2C%20possiamo%20sentirci%2010%20minuti%20%E2%80%94%20anche%20al%20telefono%20o%20passo%20di%20persona.%0A%0AUn%20saluto%2C%0ADavide%20%E2%80%94%20379%20210%206196%0A%0A---%0APer%20non%20ricevere%20altri%20messaggi%3A%20rispondete%20%27rimuovi%27.,
Pianeta Sorriso,Bergamo BG,"Via Zelasco Giovanni e Rodolfo, 1, 24122 Bergamo BG",035 213009,,SITO VECCHIO,no HTTPS,51,https://mirondavide.com/dentisti/bergamo/pianeta-sorriso/,,,
Centro Odontoiatrico Caccianiga,Bergamo BG,"Via Costantino Simoncini, 20, 24122 Bergamo BG",035 249386,info@caccianiga.it,SITO VECCHIO,no HTTPS,47,https://mirondavide.com/dentisti/bergamo/centro-odontoiatrico-caccianiga/,,mailto:info@caccianiga.it?subject=Sito%20nuovo%20per%20Caccianiga&body=Buongiorno%2C%0A%0Ami%20chiamo%20Davide%2C%20realizzo%20siti%20web%20per%20attivit%C3%A0%20locali.%0AHo%20preparato%20una%20versione%20pi%C3%B9%20moderna%20del%20sito%20per%20Caccianiga.%0AEccolo%3A%20https%3A//mirondavide.com/dentisti/bergamo/centro-odontoiatrico-caccianiga/%0A%0ALavoro%20da%20solo%20%E2%80%94%20niente%20agenzie.%20Il%20prezzo%20parte%20da%20%E2%82%AC500%20per%20una%20homepage%20completa%2C%20consegnata%20in%2072%20ore.%0A%0ASe%20vi%20interessa%2C%20possiamo%20sentirci%2010%20minuti%20%E2%80%94%20anche%20al%20telefono%20o%20passo%20di%20persona.%0A%0AUn%20saluto%2C%0ADavide%20%E2%80%94%20379%20210%206196%0A%0A---%0APer%20non%20ricevere%20altri%20messaggi%3A%20rispondete%20%27rimuovi%27.,
Consul Med,Bergamo BG,"Via Giorgio e Guido Paglia, 17, 24122 Bergamo BG",035 236671,consulmed@hotmail.it,SITO VECCHIO,no HTTPS,47,https://mirondavide.com/dentisti/bergamo/consul-med/,,mailto:consulmed@hotmail.it?subject=Sito%20nuovo%20per%20Consul%20Med&body=Buongiorno%2C%0A%0Ami%20chiamo%20Davide%2C%20realizzo%20siti%20web%20per%20attivit%C3%A0%20locali.%0AHo%20preparato%20una%20versione%20pi%C3%B9%20moderna%20del%20sito%20per%20Consul%20Med.%0AEccolo%3A%20https%3A//mirondavide.com/dentisti/bergamo/consul-med/%0A%0ALavoro%20da%20solo%20%E2%80%94%20niente%20agenzie.%20Il%20prezzo%20parte%20da%20%E2%82%AC500%20per%20una%20homepage%20completa%2C%20consegnata%20in%2072%20ore.%0A%0ASe%20vi%20interessa%2C%20possiamo%20sentirci%2010%20minuti%20%E2%80%94%20anche%20al%20telefono%20o%20passo%20di%20persona.%0A%0AUn%20saluto%2C%0ADavide%20%E2%80%94%20379%20210%206196%0A%0A---%0APer%20non%20ricevere%20altri%20messaggi%3A%20rispondete%20%27rimuovi%27.,
Studio Dentistico Gelmi,Bergamo BG,"Via XXIV Maggio, 1, 24128 Bergamo BG",035 252461,flags@2x.webp,SITO VECCHIO,no HTTPS,45,https://mirondavide.com/dentisti/bergamo/studio-dentistico-gelmi/,,mailto:flags@2x.webp?subject=Sito%20nuovo%20per%20Gelmi&body=Buongiorno%2C%0A%0Ami%20chiamo%20Davide%2C%20realizzo%20siti%20web%20per%20attivit%C3%A0%20locali.%0AHo%20preparato%20una%20versione%20pi%C3%B9%20moderna%20del%20sito%20per%20Gelmi.%0AEccolo%3A%20https%3A//mirondavide.com/dentisti/bergamo/studio-dentistico-gelmi/%0A%0ALavoro%20da%20solo%20%E2%80%94%20niente%20agenzie.%20Il%20prezzo%20parte%20da%20%E2%82%AC500%20per%20una%20homepage%20completa%2C%20consegnata%20in%2072%20ore.%0A%0ASe%20vi%20interessa%2C%20possiamo%20sentirci%2010%20minuti%20%E2%80%94%20anche%20al%20telefono%20o%20passo%20di%20persona.%0A%0AUn%20saluto%2C%0ADavide%20%E2%80%94%20379%20210%206196%0A%0A---%0APer%20non%20ricevere%20altri%20messaggi%3A%20rispondete%20%27rimuovi%27.,
Studio Associato Dott. Enrico e Dott. Federico Rampinelli,Bergamo BG,"Passaggio Don Seghezzi, 3, 24122 Bergamo BG",035 234000,info@studiorampinelli.it,SITO VECCHIO,"no HTTPS, non adatto al telefono",45,https://mirondavide.com/dentisti/bergamo/studio-associato-dott-enrico-e-dott-federico-rampi/,,mailto:info@studiorampinelli.it?subject=Sito%20nuovo%20per%20Studio%20Associato%20Dott.&body=Buongiorno%2C%0A%0Ami%20chiamo%20Davide%2C%20realizzo%20siti%20web%20per%20attivit%C3%A0%20locali.%0AHo%20preparato%20una%20versione%20pi%C3%B9%20moderna%20del%20sito%20per%20Studio%20Associato%20Dott..%0AEccolo%3A%20https%3A//mirondavide.com/dentisti/bergamo/studio-associato-dott-enrico-e-dott-federico-rampi/%0A%0ALavoro%20da%20solo%20%E2%80%94%20niente%20agenzie.%20Il%20prezzo%20parte%20da%20%E2%82%AC500%20per%20una%20homepage%20completa%2C%20consegnata%20in%2072%20ore.%0A%0ASe%20vi%20interessa%2C%20possiamo%20sentirci%2010%20minuti%20%E2%80%94%20anche%20al%20telefono%20o%20passo%20di%20persona.%0A%0AUn%20saluto%2C%0ADavide%20%E2%80%94%20379%20210%206196%0A%0A---%0APer%20non%20ricevere%20altri%20messaggi%3A%20rispondete%20%27rimuovi%27.,
Studio Odontoiatrico Temani - Dr. Togni - Dr. Papa - Dr. M. Temani Moschetti,Bergamo BG,"Piazzale della Scienza, 8, 24126 Bergamo BG",035 310166,info@studiotemanitogni.it,SITO VECCHIO,no HTTPS,44,https://mirondavide.com/dentisti/bergamo/studio-odontoiatrico-temani-dr-togni-dr-papa-dr-m-/,,mailto:info@studiotemanitogni.it?subject=Sito%20nuovo%20per%20Temani%20Dr.%20Togni&body=Buongiorno%2C%0A%0Ami%20chiamo%20Davide%2C%20realizzo%20siti%20web%20per%20attivit%C3%A0%20locali.%0AHo%20preparato%20una%20versione%20pi%C3%B9%20moderna%20del%20sito%20per%20Temani%20Dr.%20Togni.%0AEccolo%3A%20https%3A//mirondavide.com/dentisti/bergamo/studio-odontoiatrico-temani-dr-togni-dr-papa-dr-m-/%0A%0ALavoro%20da%20solo%20%E2%80%94%20niente%20agenzie.%20Il%20prezzo%20parte%20da%20%E2%82%AC500%20per%20una%20homepage%20completa%2C%20consegnata%20in%2072%20ore.%0A%0ASe%20vi%20interessa%2C%20possiamo%20sentirci%2010%20minuti%20%E2%80%94%20anche%20al%20telefono%20o%20passo%20di%20persona.%0A%0AUn%20saluto%2C%0ADavide%20%E2%80%94%20379%20210%206196%0A%0A---%0APer%20non%20ricevere%20altri%20messaggi%3A%20rispondete%20%27rimuovi%27.,
Studio Odontoiatrico Dr. Vecchi,Bergamo BG,"Via Don Luigi Palazzolo, 13, 24122 Bergamo BG",035 238754,,SITO VECCHIO,"no HTTPS, non adatto al telefono",44,https://mirondavide.com/dentisti/bergamo/studio-odontoiatrico-dr-vecchi/,,,
Studio Dentistico Barili,Bergamo BG,"Via XXIV Maggio, 43, 24128 Bergamo BG",035 255225,,SITO VECCHIO,no HTTPS,40,https://mirondavide.com/dentisti/bergamo/studio-dentistico-barili/,,,
Dr. Gianluigi Zirafa,Bergamo BG,"Via Gianbattista Moroni, 291, 24127 Bergamo BG",035 265 2240,wp.zanoni@gmail.com,SITO VECCHIO,no HTTPS,39,https://mirondavide.com/dentisti/bergamo/dr-gianluigi-zirafa/,,mailto:wp.zanoni@gmail.com?subject=Sito%20nuovo%20per%20Gianluigi%20Zirafa&body=Buongiorno%2C%0A%0Ami%20chiamo%20Davide%2C%20realizzo%20siti%20web%20per%20attivit%C3%A0%20locali.%0AHo%20preparato%20una%20versione%20pi%C3%B9%20moderna%20del%20sito%20per%20Gianluigi%20Zirafa.%0AEccolo%3A%20https%3A//mirondavide.com/dentisti/bergamo/dr-gianluigi-zirafa/%0A%0ALavoro%20da%20solo%20%E2%80%94%20niente%20agenzie.%20Il%20prezzo%20parte%20da%20%E2%82%AC500%20per%20una%20homepage%20completa%2C%20consegnata%20in%2072%20ore.%0A%0ASe%20vi%20interessa%2C%20possiamo%20sentirci%2010%20minuti%20%E2%80%94%20anche%20al%20telefono%20o%20passo%20di%20persona.%0A%0AUn%20saluto%2C%0ADavide%20%E2%80%94%20379%20210%206196%0A%0A---%0APer%20non%20ricevere%20altri%20messaggi%3A%20rispondete%20%27rimuovi%27.,
Dott. Massimiliano Lombardo srl,Bergamo BG,"Via Antonio Cifrondi, 13, 24128 Bergamo BG",035 401064,info@massimilianolombardo.com,SITO VECCHIO,no HTTPS,30,https://mirondavide.com/dentisti/bergamo/dott-massimiliano-lombardo-srl/,,mailto:info@massimilianolombardo.com?subject=Sito%20nuovo%20per%20Massimiliano%20Lombardo%20srl&body=Buongiorno%2C%0A%0Ami%20chiamo%20Davide%2C%20realizzo%20siti%20web%20per%20attivit%C3%A0%20locali.%0AHo%20preparato%20una%20versione%20pi%C3%B9%20moderna%20del%20sito%20per%20Massimiliano%20Lombardo%20srl.%0AEccolo%3A%20https%3A//mirondavide.com/dentisti/bergamo/dott-massimiliano-lombardo-srl/%0A%0ALavoro%20da%20solo%20%E2%80%94%20niente%20agenzie.%20Il%20prezzo%20parte%20da%20%E2%82%AC500%20per%20una%20homepage%20completa%2C%20consegnata%20in%2072%20ore.%0A%0ASe%20vi%20interessa%2C%20possiamo%20sentirci%2010%20minuti%20%E2%80%94%20anche%20al%20telefono%20o%20passo%20di%20persona.%0A%0AUn%20saluto%2C%0ADavide%20%E2%80%94%20379%20210%206196%0A%0A---%0APer%20non%20ricevere%20altri%20messaggi%3A%20rispondete%20%27rimuovi%27.,
Volp.dental - Poliambulatorio Chirurgico Odontoiatrico,Bergamo BG,"Via Broseta, 162, angolo Via del Polaresco, 1, 24128 Bergamo BG",035 256001,info@volp.dental,SITO VECCHIO,no HTTPS,30,https://mirondavide.com/dentisti/bergamo/volp-dental-poliambulatorio-chirurgico-odontoiatri/,,mailto:info@volp.dental?subject=Sito%20nuovo%20per%20Volp.dental%20Poliambulatorio%20Chirurgico&body=Buongiorno%2C%0A%0Ami%20chiamo%20Davide%2C%20realizzo%20siti%20web%20per%20attivit%C3%A0%20locali.%0AHo%20preparato%20una%20versione%20pi%C3%B9%20moderna%20del%20sito%20per%20Volp.dental%20Poliambulatorio%20Chirurgico.%0AEccolo%3A%20https%3A//mirondavide.com/dentisti/bergamo/volp-dental-poliambulatorio-chirurgico-odontoiatri/%0A%0ALavoro%20da%20solo%20%E2%80%94%20niente%20agenzie.%20Il%20prezzo%20parte%20da%20%E2%82%AC500%20per%20una%20homepage%20completa%2C%20consegnata%20in%2072%20ore.%0A%0ASe%20vi%20interessa%2C%20possiamo%20sentirci%2010%20minuti%20%E2%80%94%20anche%20al%20telefono%20o%20passo%20di%20persona.%0A%0AUn%20saluto%2C%0ADavide%20%E2%80%94%20379%20210%206196%0A%0A---%0APer%20non%20ricevere%20altri%20messaggi%3A%20rispondete%20%27rimuovi%27.,
Studio Dentistico Dr Vedovati,Seriate BG,"Via Paderno, 31/A, 24068 Seriate BG",035 298821,,SITO VECCHIO,no HTTPS,25,https://mirondavide.com/dentisti/bergamo/studio-dentistico-dr-vedovati/,,,
Dental Academy - Dott. Giovanni Macconi,Bergamo BG,"Via Zambonate, 33, 24121 Bergamo BG",035 237992,,SITO VECCHIO,no HTTPS,21,https://mirondavide.com/dentisti/bergamo/dental-academy-dott-giovanni-macconi/,,,
Impress Bergamo,Bergamo BG,"Via Antonio Ghislanzoni, 41, 24122 Bergamo BG",06 9480 1010,,SITO OK,sembra moderno,348,,,,
Studio Dentistico Dott.Ri Temprendola,Bergamo BG,"Via Maglio del Rame, 21, 24124 Bergamo BG",035 249136,studiodentisticotemprendola@gmail.com,SITO OK,sembra moderno,312,,,,
Studio Angeloni,Bergamo BG,"Via Damiano Chiesa, 16, 24128 Bergamo BG",035 402869,dr.angeloni@gmail.com,SITO OK,sembra moderno,263,,,,
Villa Sant'Apollonia,Bergamo BG,"Via Giovanni Motta, 37, 24123 Bergamo BG",035 347172,,SITO OK,sembra moderno,234,,,,
Dentista Stezzano - Bclinic Odontoiatria e Medicina Estetica - Bergamo,Stezzano BG,"Via Santuario, SNC, 24040 Stezzano BG",035 004 0119,bclinicitalia@pec.it,SITO OK,sembra moderno,176,,,,
Centro Medico e Odontoiatrico Grandinetti,Albino BG,"Viale Aldo Moro, 2, 24021 Albino BG",035 754088,info@zen-vee.com,SITO OK,sembra moderno,175,,,,
DentalPro,Bergamo BG,"Via Martiri di Cefalonia, 5, 24121 Bergamo BG",035 271889,,SITO OK,sembra moderno,97,,,,
Dott. Luca Passi - Specialista in Ortodonzia,Bergamo BG,"Via G. B. Berizzi, 16, 24126 Bergamo BG",348 386 1972,fancybox_loading@2x.gif,SITO OK,sembra moderno,52,,,,
Studio Bianco,Bergamo BG,"Via Giuseppe Mazzini, 3, 24128 Bergamo BG",347 415 0873,,SITO OK,sembra moderno,36,,,,
Cortesi Dr. Fabio Dentista,Bergamo BG,"Via Casalino, 5, 24121 Bergamo BG",035 218865,cortesi.fabio@gmail.com,SITO OK,sembra moderno,35,,,,
Dott. Nicola Murgolo. Studio Odontoiatrico Srl,Bergamo BG,"Via C. Baioni, 31/B, 24123 Bergamo BG",035 218543,,SITO OK,sembra moderno,31,,,,
Centro Medico Odontoiatrico Santa Lucia,Mozzo BG,"Via Santa Lucia, 2, 24030 Mozzo BG",351 706 3312,,SITO OK,sembra moderno,23,,,,
Studio odontoiatrico Dott.ssa Gardoni,Bergamo BG,"Via Pietro Paleocapa, 14, 24122 Bergamo BG",035 237508,,SITO OK,sembra moderno,21,,,,
Studio Dentistico Castellazzi,Bergamo BG,"Via G. Suardi, 71, 24124 Bergamo BG",035 237159,,SITO OK,sembra moderno,21,,,,
